block_name,case_name,operator,calls,cpu_time_total_us,cuda_time_total_us,self_cpu_memory_usage_bytes,self_cuda_memory_usage_bytes,input_shapes
torch_baseline,quick_b1_l128_d256,aten::layer_norm,1,2871,0.0,0,-1024,
torch_baseline,quick_b1_l128_d256,aten::native_layer_norm,1,2843,0.0,0,0,
torch_baseline,quick_b1_l128_d256,aten::empty,3,57,0.0,0,132096,
torch_baseline,quick_b1_l128_d256,cudaLaunchKernel,5,152,0.0,0,0,
torch_baseline,quick_b1_l128_d256,aten::view,6,36,0.0,0,0,
torch_baseline,quick_b1_l128_d256,aten::linear,2,310,0.0,0,0,
torch_baseline,quick_b1_l128_d256,aten::reshape,2,14,0.0,0,0,
torch_baseline,quick_b1_l128_d256,aten::t,2,34,0.0,0,0,
torch_baseline,quick_b1_l128_d256,aten::transpose,2,17,0.0,0,0,
torch_baseline,quick_b1_l128_d256,aten::as_strided,2,5,0.0,0,0,
torch_baseline,quick_b1_l128_d256,aten::addmm,2,228,0.0,0,393216,
torch_baseline,quick_b1_l128_d256,cudaMemsetAsync,1,31,0.0,0,0,
torch_baseline,quick_b1_l128_d256,[memory],3,0,0.0,0,-655360,
torch_baseline,quick_b1_l128_d256,aten::silu,1,48,0.0,0,262144,
torch_baseline,quick_b1_l128_d256,cudaOccupancyMaxActiveBlocksPerMultiprocessor,1,4,0.0,0,0,
torch_baseline,quick_b1_l128_d256,cudaDeviceSynchronize,2,10,0.0,0,0,
mamba_ssm_mamba,quick_b1_l128_d256,aten::permute,7,41,0.0,0,0,
mamba_ssm_mamba,quick_b1_l128_d256,aten::as_strided,19,14,0.0,0,0,
mamba_ssm_mamba,quick_b1_l128_d256,aten::reshape,10,65,0.0,0,0,
mamba_ssm_mamba,quick_b1_l128_d256,aten::_reshape_alias,5,8,0.0,0,0,
mamba_ssm_mamba,quick_b1_l128_d256,aten::matmul,4,4377,0.0,0,0,
mamba_ssm_mamba,quick_b1_l128_d256,aten::mm,4,4341,0.0,0,942080,
mamba_ssm_mamba,quick_b1_l128_d256,cudaMemsetAsync,1,66,0.0,0,0,
mamba_ssm_mamba,quick_b1_l128_d256,cudaOccupancyMaxActiveBlocksPerMultiprocessor,2,10,0.0,0,0,
mamba_ssm_mamba,quick_b1_l128_d256,cudaLaunchKernel,13,304,0.0,0,0,
mamba_ssm_mamba,quick_b1_l128_d256,aten::view,5,22,0.0,0,0,
mamba_ssm_mamba,quick_b1_l128_d256,aten::to,3,2,0.0,0,0,
mamba_ssm_mamba,quick_b1_l128_d256,aten::exp,1,75,0.0,0,32768,
mamba_ssm_mamba,quick_b1_l128_d256,aten::neg,1,31,0.0,0,32768,
mamba_ssm_mamba,quick_b1_l128_d256,[memory],9,0,0.0,0,-1417216,
mamba_ssm_mamba,quick_b1_l128_d256,aten::chunk,1,69,0.0,0,0,
mamba_ssm_mamba,quick_b1_l128_d256,aten::split,1,36,0.0,0,0,
mamba_ssm_mamba,quick_b1_l128_d256,aten::narrow,2,24,0.0,0,0,
mamba_ssm_mamba,quick_b1_l128_d256,aten::slice,5,23,0.0,0,0,
mamba_ssm_mamba,quick_b1_l128_d256,CausalConv1dFn,1,146,0.0,0,0,
mamba_ssm_mamba,quick_b1_l128_d256,aten::empty_like,5,63,0.0,0,0,
mamba_ssm_mamba,quick_b1_l128_d256,aten::empty_strided,3,35,0.0,0,786432,
mamba_ssm_mamba,quick_b1_l128_d256,aten::linear,2,237,0.0,0,0,
mamba_ssm_mamba,quick_b1_l128_d256,aten::t,3,58,0.0,0,0,
mamba_ssm_mamba,quick_b1_l128_d256,aten::transpose,3,47,0.0,0,0,
mamba_ssm_mamba,quick_b1_l128_d256,aten::split_with_sizes,1,11,0.0,0,0,
mamba_ssm_mamba,quick_b1_l128_d256,aten::contiguous,2,92,0.0,0,0,
mamba_ssm_mamba,quick_b1_l128_d256,aten::clone,2,88,0.0,0,0,
mamba_ssm_mamba,quick_b1_l128_d256,aten::empty,3,13,0.0,0,81920,
mamba_ssm_mamba,quick_b1_l128_d256,aten::copy_,2,60,0.0,0,0,
mamba_ssm_mamba,quick_b1_l128_d256,SelectiveScanFn,1,182,0.0,0,-327680,
mamba_ssm_mamba,quick_b1_l128_d256,aten::select,1,9,0.0,0,0,
mamba_ssm_mamba,quick_b1_l128_d256,aten::_unsafe_view,1,4,0.0,0,0,
mamba_ssm_mamba,quick_b1_l128_d256,cudaDeviceSynchronize,2,15,0.0,0,0,
mamba_ssm_mamba2,quick_b1_l128_d256,aten::linear,2,4561,0.0,0,0,
mamba_ssm_mamba2,quick_b1_l128_d256,aten::t,2,24,0.0,0,0,
mamba_ssm_mamba2,quick_b1_l128_d256,aten::transpose,4,24,0.0,0,0,
mamba_ssm_mamba2,quick_b1_l128_d256,aten::as_strided,16,8,0.0,0,0,
mamba_ssm_mamba2,quick_b1_l128_d256,aten::matmul,2,4524,0.0,0,0,
mamba_ssm_mamba2,quick_b1_l128_d256,aten::reshape,13,51,0.0,0,0,
mamba_ssm_mamba2,quick_b1_l128_d256,aten::view,9,14,0.0,0,0,
mamba_ssm_mamba2,quick_b1_l128_d256,aten::mm,2,4462,0.0,0,724992,
mamba_ssm_mamba2,quick_b1_l128_d256,cudaOccupancyMaxActiveBlocksPerMultiprocessor,1,7,0.0,0,0,
mamba_ssm_mamba2,quick_b1_l128_d256,cudaLaunchKernel,6,142,0.0,0,0,
mamba_ssm_mamba2,quick_b1_l128_d256,aten::_unsafe_view,2,10,0.0,0,0,
mamba_ssm_mamba2,quick_b1_l128_d256,aten::to,1,1,0.0,0,0,
mamba_ssm_mamba2,quick_b1_l128_d256,aten::exp,1,50,0.0,0,512,
mamba_ssm_mamba2,quick_b1_l128_d256,aten::neg,1,25,0.0,0,512,
mamba_ssm_mamba2,quick_b1_l128_d256,[memory],6,0,0.0,0,-1446912,
mamba_ssm_mamba2,quick_b1_l128_d256,aten::split_with_sizes,2,34,0.0,0,0,
mamba_ssm_mamba2,quick_b1_l128_d256,CausalConv1dFn,1,109,0.0,0,0,
mamba_ssm_mamba2,quick_b1_l128_d256,aten::empty_like,2,31,0.0,0,0,
mamba_ssm_mamba2,quick_b1_l128_d256,aten::empty_strided,2,20,0.0,0,589824,
mamba_ssm_mamba2,quick_b1_l128_d256,aten::_reshape_alias,4,6,0.0,0,0,
mamba_ssm_mamba2,quick_b1_l128_d256,MambaChunkScanCombinedFn,1,766,0.0,0,-671744,
mamba_ssm_mamba2,quick_b1_l128_d256,aten::empty,8,37,0.0,0,934400,
mamba_ssm_mamba2,quick_b1_l128_d256,aten::slice,3,11,0.0,0,0,
mamba_ssm_mamba2,quick_b1_l128_d256,aten::select,1,7,0.0,0,0,
mamba_ssm_mamba2,quick_b1_l128_d256,LayerNormFn,1,134,0.0,0,-512,
mamba_ssm_mamba2,quick_b1_l128_d256,cudaDeviceSynchronize,2,9,0.0,0,0,
mamba_ssm_mamba3,quick_b1_l128_d256,aten::linear,2,3389,0.0,0,0,
mamba_ssm_mamba3,quick_b1_l128_d256,aten::t,2,28,0.0,0,0,
mamba_ssm_mamba3,quick_b1_l128_d256,aten::transpose,2,15,0.0,0,0,
mamba_ssm_mamba3,quick_b1_l128_d256,aten::as_strided,19,11,0.0,0,0,
mamba_ssm_mamba3,quick_b1_l128_d256,aten::matmul,2,3349,0.0,0,0,
mamba_ssm_mamba3,quick_b1_l128_d256,aten::reshape,11,54,0.0,0,0,
mamba_ssm_mamba3,quick_b1_l128_d256,aten::view,5,12,0.0,0,0,
mamba_ssm_mamba3,quick_b1_l128_d256,aten::mm,2,3281,0.0,0,741376,
mamba_ssm_mamba3,quick_b1_l128_d256,cudaOccupancyMaxActiveBlocksPerMultiprocessor,1,8,0.0,0,0,
mamba_ssm_mamba3,quick_b1_l128_d256,cudaLaunchKernel,21,783,0.0,0,0,
mamba_ssm_mamba3,quick_b1_l128_d256,aten::_unsafe_view,2,11,0.0,0,0,
mamba_ssm_mamba3,quick_b1_l128_d256,aten::split_with_sizes,1,42,0.0,0,0,
mamba_ssm_mamba3,quick_b1_l128_d256,aten::_reshape_alias,6,10,0.0,0,0,
mamba_ssm_mamba3,quick_b1_l128_d256,aten::permute,3,11,0.0,0,0,
mamba_ssm_mamba3,quick_b1_l128_d256,aten::to,10,165,0.0,0,147456,
mamba_ssm_mamba3,quick_b1_l128_d256,aten::softplus,2,94,0.0,0,8192,
mamba_ssm_mamba3,quick_b1_l128_d256,aten::neg,1,27,0.0,0,4096,
mamba_ssm_mamba3,quick_b1_l128_d256,[memory],17,0,0.0,0,-1423360,
mamba_ssm_mamba3,quick_b1_l128_d256,aten::clamp,1,29,0.0,0,4096,
mamba_ssm_mamba3,quick_b1_l128_d256,aten::add,1,28,0.0,0,4096,
mamba_ssm_mamba3,quick_b1_l128_d256,aten::mul,1,23,0.0,0,4096,
mamba_ssm_mamba3,quick_b1_l128_d256,aten::unsqueeze,1,6,0.0,0,0,
mamba_ssm_mamba3,quick_b1_l128_d256,aten::expand,1,6,0.0,0,0,
mamba_ssm_mamba3,quick_b1_l128_d256,LayerNormFn,2,381,0.0,0,-1024,
mamba_ssm_mamba3,quick_b1_l128_d256,aten::empty_like,6,48,0.0,0,0,
mamba_ssm_mamba3,quick_b1_l128_d256,aten::empty_strided,10,43,0.0,0,690176,
mamba_ssm_mamba3,quick_b1_l128_d256,aten::empty,21,59,0.0,0,686592,
mamba_ssm_mamba3,quick_b1_l128_d256,aten::squeeze,4,11,0.0,0,0,
mamba_ssm_mamba3,quick_b1_l128_d256,aten::_to_copy,7,158,0.0,0,0,
mamba_ssm_mamba3,quick_b1_l128_d256,aten::copy_,10,154,0.0,0,0,
mamba_ssm_mamba3,quick_b1_l128_d256,_Mamba3Function,1,581,0.0,0,-587264,
mamba_ssm_mamba3,quick_b1_l128_d256,aten::contiguous,3,78,0.0,0,0,
mamba_ssm_mamba3,quick_b1_l128_d256,aten::clone,3,73,0.0,0,0,
mamba_ssm_mamba3,quick_b1_l128_d256,aten::zeros,2,51,0.0,0,0,
mamba_ssm_mamba3,quick_b1_l128_d256,aten::zero_,2,40,0.0,0,0,
mamba_ssm_mamba3,quick_b1_l128_d256,aten::fill_,2,35,0.0,0,0,
mamba_ssm_mamba3,quick_b1_l128_d256,cudaDeviceSynchronize,2,7,0.0,0,0,
